{"nodes":{"node:1":{"location":{"x":193,"y":1}},"node:10":{"location":{"x":-200,"y":33}},"node:4":{"location":{"x":-30,"y":33}},"node:7":{"location":{"x":-200,"y":-62}}},"selection":null,"view":{"scroll":{"x":-325.8203125,"y":-366.737579345703125},"visible_rect":{"max":{"x":430.682525634765625,"y":180.068145751953125},"min":{"x":-235.373855590820312,"y":-264.932647705078125}},"zoom":1.38426721096038818}}