{"nodes":{"node:1":{"location":{"x":0,"y":0}},"node:4":{"location":{"x":0,"y":0}}},"selection":null,"view":{"scroll":{"x":-393.44476318359375,"y":-270.771728515625},"visible_rect":{"max":{"x":472.51611328125,"y":177.596237182617188},"min":{"x":-401.05035400390625,"y":-276.005950927734375}},"zoom":0.981035888195037842}}