{"nodes":{"node:2156639896048":{"location":{"x":-155,"y":-62}},"node:2156639896400":{"location":{"x":132,"y":-62}},"node:2156639897808":{"location":{"x":-155,"y":1}}},"selection":null,"view":{"scroll":{"x":-337.337799072265625,"y":-239.183746337890625},"visible_rect":{"max":{"x":430.865325927734375,"y":255.159927368164062},"min":{"x":-335.162139892578125,"y":-237.641143798828125}},"zoom":1.00649130344390869}}