{"nodes":{"node:1653618500128":{"location":{"x":289,"y":209}},"node:1653618500832":{"location":{"x":289,"y":289}},"node:1653618506816":{"location":{"x":148,"y":145}},"node:1653618508224":{"location":{"x":52,"y":65}},"node:1653618510336":{"location":{"x":164,"y":241}},"node:1653618516320":{"location":{"x":292,"y":1}}},"selection":["node:1653618510336"],"view":{"scroll":{"x":-123.421875,"y":-57.54339599609375},"visible_rect":{"max":{"x":662.578125,"y":438.45660400390625},"min":{"x":-123.421875,"y":-57.54339599609375}},"zoom":1}}