{"nodes":{"node:1":{"location":{"x":62,"y":-30}},"node:4":{"location":{"x":-120,"y":-62}}},"selection":null,"view":{"scroll":{"x":-295.200225830078125,"y":-272.60675048828125},"visible_rect":{"max":{"x":366.533233642578125,"y":196.262191772460938},"min":{"x":-196.8001708984375,"y":-181.73785400390625}},"zoom":1.4999997615814209}}