{"nodes":{"node:1997074198688":{"location":{"x":0,"y":0}},"node:1997074204672":{"location":{"x":-200,"y":49}}},"selection":null,"view":{"scroll":{"x":-337.318145751953125,"y":-239.183746337890625},"visible_rect":{"max":{"x":430.88482666015625,"y":255.159927368164062},"min":{"x":-335.14263916015625,"y":-237.641143798828125}},"zoom":1.00649130344390869}}