{"nodes":{"node:1":{"location":{"x":500,"y":100}},"node:4":{"location":{"x":800,"y":100}},"node:7":{"location":{"x":500,"y":0}}},"selection":["link:100"],"view":{"scroll":{"x":518.07183837890625,"y":-148.823471069335938},"visible_rect":{"max":{"x":1043.257568359375,"y":334.541229248046875},"min":{"x":414.45751953125,"y":-119.058784484863281}},"zoom":1.24999988079071045}}