{"nodes":{"node:2608148705680":{"location":{"x":148,"y":113}},"node:2609170097760":{"location":{"x":68,"y":1}},"node:2609170108176":{"location":{"x":20,"y":-110}},"node:2609170111872":{"location":{"x":-91,"y":-14}},"node:2609178680880":{"location":{"x":-11,"y":97}}},"selection":null,"view":{"scroll":{"x":-325.6904296875,"y":-297.05078125},"visible_rect":{"max":{"x":356.2476806640625,"y":255.159393310546875},"min":{"x":-260.5523681640625,"y":-237.640640258789062}},"zoom":1.24999988079071045}}