{"nodes":{"node:2539363834512":{"location":{"x":356,"y":129}},"node:2539363835088":{"location":{"x":228,"y":33}},"node:2539363835952":{"location":{"x":-11,"y":81}},"node:2539363836240":{"location":{"x":0,"y":0}}},"selection":["link:2539361359944"],"view":{"scroll":{"x":-123.421875,"y":-57.54339599609375},"visible_rect":{"max":{"x":662.578125,"y":438.45660400390625},"min":{"x":-123.421875,"y":-57.54339599609375}},"zoom":1}}