{"nodes":{"node:1":{"location":{"x":0,"y":0}},"node:4":{"location":{"x":0,"y":0}}},"selection":null,"view":{"scroll":{"x":-382.333526611328125,"y":-345.005584716796875},"visible_rect":{"max":{"x":377.3341064453125,"y":177.595977783203125},"min":{"x":-305.867584228515625,"y":-276.005157470703125}},"zoom":1.24999690055847168}}