{"nodes":{"node:1":{"location":{"x":0,"y":0}},"node:4":{"location":{"x":-11,"y":-126}}},"selection":null,"view":{"scroll":{"x":-377.833526611328125,"y":-345.005645751953125},"visible_rect":{"max":{"x":373.733154296875,"y":177.595474243164062},"min":{"x":-302.266815185546875,"y":-276.004486083984375}},"zoom":1.25000011920928955}}