{"nodes":{"node:1":{"location":{"x":0,"y":0}},"node:10":{"location":{"x":0,"y":0}},"node:13":{"location":{"x":0,"y":0}},"node:16":{"location":{"x":0,"y":0}},"node:4":{"location":{"x":0,"y":0}},"node:7":{"location":{"x":0,"y":0}}},"selection":null,"view":{"scroll":{"x":-330.1805419921875,"y":-366.737548828125},"visible_rect":{"max":{"x":427.53271484375,"y":180.06817626953125},"min":{"x":-238.523727416992188,"y":-264.932647705078125}},"zoom":1.38426709175109863}}