{"nodes":{"node:1":{"location":{"x":257,"y":-46}},"node:10":{"location":{"x":-107,"y":97}},"node:13":{"location":{"x":116,"y":-94}},"node:16":{"location":{"x":-193,"y":-110}},"node:4":{"location":{"x":0,"y":0}},"node:7":{"location":{"x":113,"y":97}}},"selection":null,"view":{"scroll":{"x":-325.8203125,"y":-366.737579345703125},"visible_rect":{"max":{"x":430.682525634765625,"y":180.068145751953125},"min":{"x":-235.373855590820312,"y":-264.932647705078125}},"zoom":1.38426721096038818}}