{"nodes":{"node:1":{"location":{"x":-59,"y":-78}},"node:4":{"location":{"x":164,"y":-78}}},"selection":null,"view":{"scroll":{"x":-299.161773681640625,"y":-338.7559814453125},"visible_rect":{"max":{"x":422.976165771484375,"y":180.068130493164062},"min":{"x":-233.966995239257812,"y":-264.932647705078125}},"zoom":1.27864944934844971}}