{"nodes":{"node:1351117515312":{"location":{"x":36,"y":1}},"node:1351117515648":{"location":{"x":4,"y":-94}},"node:1351117515984":{"location":{"x":-126,"y":1}},"node:1351117524048":{"location":{"x":-124,"y":129}}},"selection":["link:1351121735352"],"view":{"scroll":{"x":-409.013671875,"y":-201.821945190429688},"visible_rect":{"max":{"x":241.324249267578125,"y":196.11871337890625},"min":{"x":-272.675811767578125,"y":-134.5479736328125}},"zoom":1.49999988079071045}}