{"nodes":{"node:2175853365280":{"location":{"x":0,"y":0}}},"selection":["node:2175853365280"],"view":{"scroll":{"x":-142.509963989257812,"y":-115.492622375488281},"visible_rect":{"max":{"x":512.760498046875,"y":310.44110107421875},"min":{"x":-116.268310546875,"y":-94.225921630859375}},"zoom":1.22569906711578369}}