{"nodes":{"node:0":{"location":{"x":164,"y":-14}},"node:12":{"location":{"x":14,"y":-126}},"node:15":{"location":{"x":-59,"y":81}},"node:3":{"location":{"x":212,"y":81}},"node:6":{"location":{"x":0,"y":0}},"node:9":{"location":{"x":-171,"y":-14}}},"selection":["node:6"],"view":{"scroll":{"x":-325.820281982421875,"y":-366.737579345703125},"visible_rect":{"max":{"x":430.682525634765625,"y":180.068145751953125},"min":{"x":-235.37384033203125,"y":-264.932647705078125}},"zoom":1.38426721096038818}}