{"nodes":{"node:1":{"location":{"x":-1,"y":-14}},"node:10":{"location":{"x":308,"y":-110}},"node:4":{"location":{"x":-187,"y":-30}},"node:7":{"location":{"x":20,"y":-110}}},"selection":["link:100"],"view":{"scroll":{"x":-304.644683837890625,"y":-352.5379638671875},"visible_rect":{"max":{"x":532.96002197265625,"y":94.0393905639648438},"min":{"x":-303.281646728515625,"y":-350.96063232421875}},"zoom":1.004494309425354}}