{"nodes":{"node:1":{"location":{"x":0,"y":0}},"node:4":{"location":{"x":0,"y":0}}},"selection":null,"view":{"scroll":{"x":-296.85919189453125,"y":-103.7298583984375},"visible_rect":{"max":{"x":541.14080810546875,"y":423.2701416015625},"min":{"x":-296.85919189453125,"y":-103.7298583984375}},"zoom":1}}