{"nodes":{"node:2685844399760":{"location":{"x":-184,"y":-14}},"node:2685845683888":{"location":{"x":0,"y":0}}},"selection":null,"view":{"scroll":{"x":-325.656341552734375,"y":-297.05084228515625},"visible_rect":{"max":{"x":356.275360107421875,"y":255.159637451171875},"min":{"x":-260.525390625,"y":-237.640960693359375}},"zoom":1.24999845027923584}}