{"nodes":{"node:2550739027408":{"location":{"x":0,"y":0}},"node:2550739029424":{"location":{"x":0,"y":0}}},"selection":null,"view":{"scroll":{"x":-53.6258506774902344,"y":-141.33868408203125},"visible_rect":{"max":{"x":432.249481201171875,"y":310.44091796875},"min":{"x":-35.7505722045898438,"y":-94.225799560546875}},"zoom":1.49999988079071045}}