{"nodes":{"node:1676873160192":{"location":{"x":52,"y":65}},"node:1676873161952":{"location":{"x":292,"y":1}},"node:1676873166528":{"location":{"x":289,"y":209}},"node:1676873171104":{"location":{"x":164,"y":241}},"node:1676873174272":{"location":{"x":148,"y":145}},"node:1676873177792":{"location":{"x":289,"y":289}}},"selection":null,"view":{"scroll":{"x":-123.422523498535156,"y":-57.5434112548828125},"visible_rect":{"max":{"x":662.57745361328125,"y":438.45660400390625},"min":{"x":-123.422523498535156,"y":-57.5434112548828125}},"zoom":1}}