{"nodes":{"node:1":{"location":{"x":0,"y":0}},"node:4":{"location":{"x":260,"y":-78}}},"selection":["node:1"],"view":{"scroll":{"x":-313.144561767578125,"y":-352.5379638671875},"visible_rect":{"max":{"x":541.42205810546875,"y":94.0393829345703125},"min":{"x":-311.743438720703125,"y":-350.960601806640625}},"zoom":1.00449442863464355}}