{"nodes":{"node:1":{"location":{"x":0,"y":0}},"node:4":{"location":{"x":0,"y":0}}},"selection":null,"view":{"scroll":{"x":-387.2867431640625,"y":-271.988525390625},"visible_rect":{"max":{"x":464.472442626953125,"y":177.595916748046875},"min":{"x":-393.00592041015625,"y":-276.00506591796875}},"zoom":0.985447585582733154}}