{"nodes":{"node:1":{"location":{"x":500,"y":100}},"node:10":{"location":{"x":650,"y":81}},"node:4":{"location":{"x":800,"y":100}},"node:7":{"location":{"x":500,"y":0}}},"selection":["node:10"],"view":{"scroll":{"x":325.827789306640625,"y":-195.65582275390625},"visible_rect":{"max":{"x":1111.827880859375,"y":371.344207763671875},"min":{"x":325.82781982421875,"y":-195.655853271484375}},"zoom":0.999999940395355225}}