{"nodes":{"node:1":{"location":{"x":0,"y":0}},"node:4":{"location":{"x":0,"y":0}}},"selection":null,"view":{"scroll":{"x":-355.664825439453125,"y":-295.295166015625},"visible_rect":{"max":{"x":508.104095458984375,"y":180.06817626953125},"min":{"x":-319.09503173828125,"y":-264.932647705078125}},"zoom":1.11460471153259277}}