{"nodes":{"node:1":{"location":{"x":-8,"y":-126}}},"selection":null,"view":{"scroll":{"x":-304.644683837890625,"y":-352.5379638671875},"visible_rect":{"max":{"x":532.96002197265625,"y":94.0393905639648438},"min":{"x":-303.281646728515625,"y":-350.96063232421875}},"zoom":1.004494309425354}}