{"nodes":{"node:1":{"location":{"x":500,"y":100}},"node:4":{"location":{"x":800,"y":100}},"node:7":{"location":{"x":500,"y":0}}},"selection":null,"view":{"scroll":{"x":558.13946533203125,"y":-126.377670288085938},"visible_rect":{"max":{"x":992.11151123046875,"y":352.49786376953125},"min":{"x":446.511566162109375,"y":-101.102134704589844}},"zoom":1.25}}