{"nodes":{"node:1":{"location":{"x":500,"y":100}},"node:4":{"location":{"x":800,"y":100}},"node:7":{"location":{"x":500,"y":0}}},"selection":null,"view":{"scroll":{"x":670.49932861328125,"y":-119.792381286621094},"visible_rect":{"max":{"x":970.9996337890625,"y":298.138427734375},"min":{"x":446.999603271484375,"y":-79.8615951538085938}},"zoom":1}}
