{"nodes":{"node:1":{"location":{"x":500,"y":100}},"node:4":{"location":{"x":800,"y":100}},"node:7":{"location":{"x":500,"y":33}}},"selection":null,"view":{"scroll":{"x":637.673583984375,"y":-162.425552368164062},"visible_rect":{"max":{"x":983.78253173828125,"y":269.716339111328125},"min":{"x":425.11578369140625,"y":-108.283714294433594}},"zoom":1.49999988079071045}}