{"nodes":{"node:2949105531472":{"location":{"x":364,"y":321}},"node:2949105531760":{"location":{"x":273,"y":65}},"node:2949105534064":{"location":{"x":581,"y":385}},"node:2949105534352":{"location":{"x":308,"y":225}},"node:2949105534640":{"location":{"x":420,"y":-14}},"node:2949105536368":{"location":{"x":-11,"y":129}},"node:2949105537520":{"location":{"x":148,"y":129}},"node:2949105537808":{"location":{"x":484,"y":449}},"node:2949105538096":{"location":{"x":644,"y":33}},"node:2949105538384":{"location":{"x":292,"y":481}},"node:2949105539248":{"location":{"x":340,"y":161}},"node:2949108567040":{"location":{"x":120,"y":241}},"node:2949108569632":{"location":{"x":533,"y":322}},"node:2949108573952":{"location":{"x":500,"y":529}},"node:2949110421024":{"location":{"x":629,"y":449}},"node:2949110424192":{"location":{"x":420,"y":385}}},"selection":null,"view":{"scroll":{"x":-83.1915817260742188,"y":-46.3166351318359375},"visible_rect":{"max":{"x":881.07843017578125,"y":599.57818603515625},"min":{"x":-110.92218017578125,"y":-61.75555419921875}},"zoom":0.749999523162841797}}