{"nodes":{"node:1":{"location":{"x":0,"y":0}},"node:4":{"location":{"x":0,"y":0}}},"selection":["link:100"],"view":{"scroll":{"x":-377.7547607421875,"y":-345.614105224609375},"visible_rect":{"max":{"x":373.1380615234375,"y":177.595489501953125},"min":{"x":-301.6717529296875,"y":-276.004486083984375}},"zoom":1.25220465660095215}}