{"nodes":{"node:1":{"location":{"x":0,"y":0}},"node:4":{"location":{"x":0,"y":0}}},"selection":null,"view":{"scroll":{"x":-393.365997314453125,"y":-271.379974365234375},"visible_rect":{"max":{"x":471.536773681640625,"y":177.596466064453125},"min":{"x":-400.071014404296875,"y":-276.005706787109375}},"zoom":0.983240425586700439}}