{"nodes":{"node:1":{"location":{"x":500,"y":100}},"node:4":{"location":{"x":800,"y":100}},"node:7":{"location":{"x":500,"y":0}}},"selection":null,"view":{"scroll":{"x":287.449066162109375,"y":-222.28369140625},"visible_rect":{"max":{"x":1125.44921875,"y":344.716339111328125},"min":{"x":287.4490966796875,"y":-222.283721923828125}},"zoom":0.999999880790710449}}