{"nodes":{"node:1":{"location":{"x":0,"y":0}},"node:4":{"location":{"x":0,"y":0}}},"selection":null,"view":{"scroll":{"x":-289.35919189453125,"y":-103.7298583984375},"visible_rect":{"max":{"x":533.64080810546875,"y":423.2701416015625},"min":{"x":-289.35919189453125,"y":-103.7298583984375}},"zoom":1}}